id,password
RA1911003010701,abcde
RA1911003010702,abcde
RA1911003010703,abcde
RA1911003010704,abcde
RA1911003010705,abcde
RA1911003010706,abcde
RA1911003010707,abcde
RA1911003010708,abcde
RA1911003010709,abcde
RA1911003010710,abcde
RA1911003010711,abcde
RA1911003010712,abcde
RA1911003010713,abcde
RA1911003010714,abcde
RA1911003010715,abcde
RA1911003010716,abcde
RA1911003010717,abcde
RA1911003010718,abcde
RA1911003010719,abcde
RA1911003010720,abcde
RA1911003010721,abcde
RA1911003010722,abcde
RA1911003010723,abcde
RA1911003010724,abcde
RA1911003010725,abcde
RA1911003010726,abcde
RA1911003010727,abcde
RA1911003010728,abcde
RA1911003010729,abcde
RA1911003010730,abcde
RA1911003010731,abcde
RA1911003010732,abcde
RA1911003010733,abcde
RA1911003010734,abcde
RA1911003010735,abcde
RA1911003010736,abcde
RA1911003010737,abcde
RA1911003010738,abcde
RA1911003010739,abcde
RA1911003010740,abcde
RA1911003010741,abcde
RA1911003010742,abcde
RA1911003010743,abcde
RA1911003010744,abcde
RA1911003010745,abcde
RA1911003010746,abcde
RA1911003010747,abcde
RA1911003010748,abcde
RA1911003010749,abcde
RA1911003010750,abcde
RA1911003010751,abcde
RA1911003010752,abcde
RA1911003010753,abcde
RA1911003010754,abcde
RA1911003010755,abcde
RA1911003010756,abcde
RA1911003010757,abcde
RA1911003010758,abcde
RA1911003010759,abcde
RA1911003010760,abcde